t,x,y,z,armed
1790749262.61,67.690,-85.536,-0.102,0
1790749262.82,67.687,-85.541,-0.102,0
1790749263.02,67.686,-85.546,-0.102,0
1790749263.23,67.684,-85.547,-0.102,0
1790749263.43,67.682,-85.551,-0.102,0
1790749263.63,67.679,-85.553,-0.101,0
1790749263.84,67.675,-85.559,-0.102,0
1790749264.04,67.673,-85.563,-0.101,0
1790749264.24,67.672,-85.572,-0.102,0
1790749264.44,67.671,-85.575,-0.102,0
1790749264.64,67.668,-85.581,-0.102,0
1790749264.84,67.666,-85.581,-0.103,0
1790749265.04,67.666,-85.585,-0.104,0
1790749265.24,67.664,-85.586,-0.106,0
1790749265.45,67.660,-85.590,-0.108,0
1790749265.65,67.657,-85.591,-0.109,0
1790749265.85,67.654,-85.597,-0.111,0
1790749266.07,67.652,-85.596,-0.111,0
1790749266.27,67.648,-85.604,-0.115,0
1790749266.49,67.647,-85.601,-0.116,0
1790749266.69,67.642,-85.607,-0.119,0
1790749266.90,67.644,-85.601,-0.118,0
1790749267.11,67.642,-85.608,-0.120,0
1790749267.31,67.646,-85.601,-0.117,0
1790749267.51,67.645,-85.604,-0.117,0
1790749267.71,67.648,-85.597,-0.114,0
1790749267.92,67.645,-85.603,-0.113,0
1790749268.12,67.646,-85.594,-0.109,0
1790749268.32,67.641,-85.600,-0.108,0
1790749268.52,67.642,-85.594,-0.106,0
1790749268.72,67.639,-85.602,-0.108,0
1790749268.93,67.642,-85.596,-0.107,1
1790749269.14,67.640,-85.604,-0.109,1
1790749269.34,67.641,-85.598,-0.107,1
1790749269.54,67.639,-85.607,-0.109,1
1790749269.74,67.641,-85.603,-0.106,1
1790749269.94,67.638,-85.612,-0.106,1
1790749270.15,67.643,-85.607,-0.103,1
1790749270.35,67.644,-85.613,-0.103,1
1790749270.56,67.647,-85.611,-0.102,1
1790749270.76,67.649,-85.619,-0.102,1
1790749270.96,67.654,-85.613,-0.101,1
1790749271.16,67.658,-85.617,-0.101,1
1790749271.36,67.659,-85.612,-0.098,1
1790749271.57,67.660,-85.616,-0.094,1
1790749271.77,67.662,-85.610,-0.090,1
1790749271.98,67.664,-85.612,-0.088,1
1790749272.18,67.662,-85.605,-0.089,1
1790749272.38,67.657,-85.599,-0.129,1
1790749272.59,67.646,-85.572,-0.261,1
1790749272.79,67.635,-85.544,-0.477,1
1790749272.99,67.627,-85.518,-0.756,1
1790749273.20,67.618,-85.498,-1.038,1
1790749273.40,67.609,-85.480,-1.292,1
1790749273.60,67.600,-85.470,-1.519,1
1790749273.80,67.591,-85.462,-1.723,1
1790749274.00,67.587,-85.463,-1.890,1
1790749274.20,67.584,-85.466,-2.033,1
1790749274.42,67.584,-85.471,-2.162,1
1790749274.62,67.585,-85.477,-2.274,1
1790749274.82,67.586,-85.489,-2.367,1
1790749275.02,67.585,-85.505,-2.448,1
1790749275.24,67.592,-85.522,-2.524,1
1790749275.44,67.600,-85.539,-2.586,1
1790749275.64,67.613,-85.553,-2.640,1
1790749275.85,67.626,-85.566,-2.687,1
1790749276.05,67.639,-85.577,-2.729,1
1790749276.25,67.651,-85.588,-2.767,1
1790749276.45,67.666,-85.592,-2.801,1
1790749276.65,67.678,-85.596,-2.833,1
1790749276.85,67.692,-85.597,-2.861,1
1790749277.05,67.705,-85.609,-2.889,1
1790749277.26,67.724,-85.638,-2.919,1
1790749277.46,67.747,-85.699,-2.951,1
1790749277.66,67.773,-85.787,-2.984,1
1790749277.86,67.802,-85.911,-3.017,1
1790749278.07,67.842,-86.074,-3.048,1
1790749278.27,67.885,-86.268,-3.078,1
1790749278.48,67.936,-86.510,-3.110,1
1790749278.68,67.985,-86.765,-3.141,1
1790749278.88,68.039,-87.047,-3.170,1
1790749279.08,68.095,-87.348,-3.199,1
1790749279.29,68.155,-87.683,-3.226,1
1790749279.49,68.212,-88.012,-3.253,1
1790749279.69,68.272,-88.355,-3.281,1
1790749279.89,68.332,-88.693,-3.311,1
1790749280.10,68.399,-89.051,-3.339,1
1790749280.30,68.462,-89.386,-3.367,1
1790749280.50,68.530,-89.722,-3.393,1
1790749280.70,68.597,-90.042,-3.422,1
1790749280.91,68.671,-90.378,-3.446,1
1790749281.11,68.740,-90.687,-3.472,1
1790749281.31,68.810,-90.997,-3.494,1
1790749281.51,68.878,-91.295,-3.522,1
1790749281.71,68.949,-91.595,-3.545,1
1790749281.92,69.024,-91.908,-3.575,1
1790749282.13,69.094,-92.206,-3.599,1
1790749282.33,69.159,-92.485,-3.628,1
1790749282.54,69.224,-92.774,-3.652,1
1790749282.74,69.287,-93.049,-3.680,1
1790749282.95,69.349,-93.324,-3.703,1
1790749283.15,69.410,-93.600,-3.731,1
1790749283.35,69.469,-93.891,-3.755,1
1790749283.57,69.533,-94.193,-3.783,1
1790749283.77,69.594,-94.477,-3.807,1
1790749283.97,69.658,-94.761,-3.833,1
1790749284.17,69.721,-95.048,-3.855,1
1790749284.37,69.787,-95.336,-3.881,1
1790749284.57,69.853,-95.627,-3.905,1
1790749284.77,69.919,-95.919,-3.932,1
1790749284.97,69.986,-96.215,-3.957,1
1790749285.17,70.057,-96.523,-3.984,1
1790749285.37,70.124,-96.818,-4.006,1
1790749285.57,70.199,-97.108,-4.026,1
1790749285.78,70.284,-97.394,-4.041,1
1790749285.98,70.387,-97.670,-4.053,1
1790749286.19,70.510,-97.957,-4.061,1
1790749286.39,70.651,-98.219,-4.069,1
1790749286.60,70.819,-98.483,-4.075,1
1790749286.80,71.000,-98.723,-4.079,1
1790749287.00,71.196,-98.955,-4.081,1
1790749287.21,71.422,-99.195,-4.085,1
1790749287.42,71.653,-99.423,-4.087,1
1790749287.62,71.884,-99.636,-4.089,1
1790749287.83,72.131,-99.855,-4.091,1
1790749288.03,72.373,-100.059,-4.093,1
1790749288.24,72.628,-100.269,-4.096,1
1790749288.45,72.891,-100.487,-4.099,1
1790749288.65,73.130,-100.686,-4.103,1
1790749288.85,73.366,-100.889,-4.106,1
1790749289.06,73.606,-101.100,-4.108,1
1790749289.26,73.832,-101.308,-4.110,1
1790749289.46,74.054,-101.513,-4.112,1
1790749289.66,74.274,-101.722,-4.115,1
1790749289.87,74.500,-101.935,-4.126,1
1790749290.07,74.716,-102.143,-4.142,1
1790749290.27,74.930,-102.344,-4.161,1
1790749290.47,75.141,-102.545,-4.183,1
1790749290.68,75.361,-102.745,-4.211,1
1790749290.88,75.573,-102.943,-4.239,1
1790749291.09,75.805,-103.148,-4.273,1
1790749291.29,76.021,-103.341,-4.303,1
1790749291.49,76.243,-103.524,-4.339,1
1790749291.69,76.461,-103.708,-4.373,1
1790749291.89,76.685,-103.883,-4.412,1
1790749292.09,76.907,-104.063,-4.450,1
1790749292.30,77.144,-104.242,-4.492,1
1790749292.50,77.374,-104.416,-4.531,1
1790749292.71,77.620,-104.592,-4.576,1
1790749292.92,77.853,-104.761,-4.615,1
1790749293.12,78.092,-104.928,-4.656,1
1790749293.32,78.327,-105.098,-4.695,1
1790749293.52,78.566,-105.266,-4.737,1
1790749293.72,78.812,-105.450,-4.780,1
1790749293.92,79.052,-105.627,-4.824,1
1790749294.12,79.287,-105.813,-4.867,1
1790749294.32,79.526,-105.995,-4.911,1
1790749294.52,79.759,-106.183,-4.954,1
1790749294.73,79.999,-106.366,-4.998,1
1790749294.93,80.234,-106.556,-5.039,1
1790749295.13,80.472,-106.741,-5.083,1
1790749295.34,80.723,-106.943,-5.129,1
1790749295.54,80.961,-107.125,-5.173,1
1790749295.75,81.199,-107.321,-5.216,1
1790749295.95,81.433,-107.503,-5.259,1
1790749296.16,81.672,-107.698,-5.301,1
1790749296.36,81.910,-107.880,-5.345,1
1790749296.56,82.143,-108.065,-5.385,1
1790749296.77,82.391,-108.253,-5.429,1
1790749296.97,82.624,-108.434,-5.470,1
1790749297.18,82.883,-108.627,-5.516,1
1790749297.38,83.122,-108.804,-5.558,1
1790749297.59,83.372,-108.988,-5.603,1
1790749297.79,83.611,-109.164,-5.646,1
1790749297.99,83.848,-109.341,-5.690,1
1790749298.19,84.079,-109.517,-5.732,1
1790749298.39,84.312,-109.693,-5.774,1
1790749298.60,84.552,-109.876,-5.817,1
1790749298.80,84.786,-110.055,-5.860,1
1790749299.01,85.034,-110.243,-5.902,1
1790749299.21,85.277,-110.426,-5.944,1
1790749299.42,85.539,-110.626,-5.991,1
1790749299.62,85.780,-110.812,-6.033,1
1790749299.83,86.030,-111.007,-6.074,1
1790749300.03,86.269,-111.195,-6.115,1
1790749300.23,86.504,-111.381,-6.156,1
1790749300.44,86.746,-111.573,-6.200,1
1790749300.65,86.978,-111.755,-6.244,1
1790749300.85,87.208,-111.938,-6.288,1
1790749301.05,87.445,-112.130,-6.333,1
1790749301.25,87.673,-112.313,-6.376,1
1790749301.45,87.903,-112.495,-6.419,1
1790749301.67,88.151,-112.692,-6.464,1
1790749301.87,88.392,-112.884,-6.508,1
1790749302.08,88.628,-113.068,-6.550,1
1790749302.28,88.864,-113.255,-6.593,1
1790749302.49,89.109,-113.448,-6.635,1
1790749302.69,89.345,-113.632,-6.674,1
1790749302.89,89.586,-113.814,-6.716,1
1790749303.09,89.827,-113.997,-6.758,1
1790749303.29,90.071,-114.178,-6.798,1
1790749303.50,90.325,-114.368,-6.841,1
1790749303.70,90.566,-114.551,-6.884,1
1790749303.90,90.805,-114.737,-6.927,1
1790749304.10,91.042,-114.920,-6.963,1
1790749304.30,91.275,-115.104,-6.980,1
1790749304.50,91.503,-115.288,-6.980,1
1790749304.70,91.724,-115.479,-6.963,1
1790749304.90,91.936,-115.676,-6.935,1
1790749305.11,92.154,-115.896,-6.891,1
1790749305.31,92.351,-116.108,-6.842,1
1790749305.51,92.540,-116.329,-6.787,1
1790749305.71,92.723,-116.556,-6.728,1
1790749305.91,92.902,-116.788,-6.664,1
1790749306.11,93.073,-117.027,-6.598,1
1790749306.31,93.240,-117.269,-6.530,1
1790749306.51,93.407,-117.517,-6.461,1
1790749306.71,93.573,-117.765,-6.390,1
1790749306.91,93.741,-118.017,-6.318,1
1790749307.11,93.908,-118.267,-6.246,1
1790749307.31,94.079,-118.517,-6.173,1
1790749307.51,94.248,-118.762,-6.100,1
1790749307.71,94.425,-119.004,-6.028,1
1790749307.92,94.599,-119.243,-5.956,1
1790749308.12,94.781,-119.488,-5.879,1
1790749308.32,94.953,-119.719,-5.806,1
1790749308.54,95.140,-119.964,-5.732,1
1790749308.74,95.316,-120.196,-5.660,1
1790749308.94,95.507,-120.443,-5.582,1
1790749309.14,95.684,-120.676,-5.509,1
1790749309.36,95.886,-120.934,-5.429,1
1790749309.56,96.063,-121.166,-5.357,1
1790749309.76,96.253,-121.411,-5.285,1
1790749309.96,96.430,-121.647,-5.213,1
1790749310.16,96.620,-121.892,-5.141,1
1790749310.36,96.795,-122.126,-5.068,1
1790749310.56,96.987,-122.369,-4.997,1
1790749310.77,97.170,-122.610,-4.921,1
1790749310.97,97.356,-122.855,-4.847,1
1790749311.17,97.524,-123.087,-4.773,1
1790749311.38,97.714,-123.343,-4.696,1
1790749311.58,97.881,-123.577,-4.620,1
1790749311.78,98.062,-123.822,-4.547,1
1790749311.98,98.227,-124.053,-4.475,1
1790749312.18,98.406,-124.295,-4.403,1
1790749312.39,98.576,-124.531,-4.327,1
1790749312.59,98.752,-124.774,-4.251,1
1790749312.79,98.915,-125.002,-4.177,1
1790749312.99,99.086,-125.244,-4.103,1
1790749313.19,99.246,-125.472,-4.029,1
1790749313.39,99.405,-125.713,-3.954,1
1790749313.59,99.560,-125.939,-3.880,1
1790749313.79,99.719,-126.175,-3.808,1
1790749314.00,99.886,-126.420,-3.729,1
1790749314.21,100.047,-126.660,-3.653,1
1790749314.41,100.203,-126.884,-3.580,1
1790749314.61,100.361,-127.113,-3.505,1
1790749314.81,100.522,-127.336,-3.431,1
1790749315.02,100.690,-127.568,-3.364,1
1790749315.22,100.844,-127.776,-3.310,1
1790749315.42,100.985,-127.968,-3.267,1
1790749315.62,101.111,-128.130,-3.234,1
1790749315.82,101.226,-128.272,-3.207,1
1790749316.02,101.320,-128.381,-3.188,1
1790749316.22,101.397,-128.471,-3.175,1
1790749316.42,101.451,-128.532,-3.166,1
1790749316.63,101.491,-128.574,-3.158,1
1790749316.83,101.511,-128.589,-3.151,1
1790749317.03,101.518,-128.585,-3.145,1
1790749317.25,101.514,-128.566,-3.139,1
1790749317.45,101.501,-128.538,-3.133,1
1790749317.65,101.481,-128.504,-3.129,1
1790749317.85,101.458,-128.468,-3.126,1
1790749318.06,101.433,-128.430,-3.124,1
1790749318.27,101.408,-128.389,-3.121,1
1790749318.47,101.387,-128.352,-3.120,1
1790749318.67,101.368,-128.317,-3.117,1
1790749318.87,101.349,-128.287,-3.115,1
1790749319.07,101.330,-128.261,-3.081,1
1790749319.27,101.313,-128.238,-2.981,1
1790749319.48,101.294,-128.218,-2.830,1
1790749319.68,101.281,-128.205,-2.689,1
1790749319.88,101.271,-128.195,-2.561,1
1790749320.08,101.260,-128.190,-2.435,1
1790749320.28,101.252,-128.186,-2.305,1
1790749320.48,101.242,-128.186,-2.171,1
1790749320.68,101.232,-128.191,-2.036,1
1790749320.89,101.221,-128.196,-1.889,1
1790749321.09,101.215,-128.204,-1.750,1
1790749321.29,101.206,-128.208,-1.611,1
1790749321.49,101.198,-128.212,-1.471,1
1790749321.69,101.185,-128.213,-1.330,1
1790749321.90,101.177,-128.215,-1.182,1
1790749322.11,101.164,-128.218,-1.035,1
1790749322.31,101.158,-128.221,-0.894,1
1790749322.51,101.149,-128.224,-0.754,1
1790749322.71,101.149,-128.231,-0.612,1
1790749322.92,101.141,-128.235,-0.466,1
1790749323.12,101.141,-128.238,-0.324,1
1790749323.33,101.131,-128.240,-0.170,1
1790749323.53,101.135,-128.243,-0.038,1
1790749323.73,101.127,-128.249,0.096,1
1790749323.93,101.134,-128.258,0.231,1
1790749324.13,101.128,-128.259,0.337,1
1790749324.34,101.117,-128.252,0.426,1
1790749324.54,101.106,-128.247,0.475,1
1790749324.74,101.103,-128.241,0.532,1
1790749324.94,101.096,-128.238,0.570,1
1790749325.14,101.097,-128.234,0.618,1
1790749325.34,101.090,-128.232,0.641,1
1790749325.54,101.089,-128.225,0.679,1
1790749325.76,101.082,-128.225,0.694,1
1790749325.96,101.082,-128.223,0.725,1
1790749326.16,101.075,-128.225,0.732,1
1790749326.36,101.073,-128.226,0.759,1
1790749326.56,101.067,-128.229,0.760,1
1790749326.76,101.065,-128.229,0.781,1
1790749326.98,101.060,-128.232,0.777,1
1790749327.18,101.057,-128.233,0.797,1
1790749327.38,101.053,-128.232,0.788,1
1790749327.58,101.051,-128.229,0.806,1
1790749327.78,101.048,-128.227,0.791,1
1790749327.99,101.048,-128.222,0.804,1
1790749328.20,101.046,-128.223,0.785,1
1790749328.40,101.047,-128.220,0.797,1
1790749328.60,101.045,-128.221,0.776,0
1790749328.80,101.045,-128.217,0.784,0
1790749329.01,101.043,-128.217,0.761,0
1790749329.21,101.043,-128.211,0.766,0
1790749329.41,101.041,-128.212,0.745,0
1790749329.61,101.040,-128.207,0.749,0
1790749329.81,101.036,-128.209,0.726,0
1790749330.01,101.034,-128.205,0.729,0
1790749330.21,101.032,-128.210,0.707,0
1790749330.41,101.032,-128.209,0.707,0
1790749330.62,101.031,-128.214,0.685,0
1790749330.83,101.030,-128.216,0.679,0
1790749331.03,101.030,-128.220,0.657,0
1790749331.23,101.028,-128.221,0.649,0
1790749331.43,101.028,-128.224,0.626,0
1790749331.64,101.026,-128.225,0.617,0
1790749331.84,101.025,-128.229,0.597,0
1790749332.05,101.024,-128.232,0.588,0
1790749332.25,101.023,-128.235,0.568,0
1790749332.45,101.020,-128.237,0.559,0
1790749332.66,101.017,-128.240,0.540,0
1790749332.86,101.014,-128.243,0.529,0
1790749333.06,101.015,-128.246,0.511,0
1790749333.27,101.014,-128.248,0.501,0
1790749333.47,101.014,-128.248,0.484,0
1790749333.68,101.013,-128.248,0.472,0
1790749333.88,101.011,-128.245,0.457,0
